{"initial_reset_timestamp": 1485469542.9638894, "timestamps": [1485469581.1297219, 1485470011.229198, 1485470438.9081962, 1485470864.6001687, 1485471183.6445513, 1485471502.2217286, 1485471821.309514, 1485472140.0674195, 1485472458.5094595, 1485472777.4432466, 1485473095.6369522, 1485473414.8718138, 1485473733.6460779, 1485474052.167038, 1485474370.4909937, 1485474690.0491889, 1485475008.9001517, 1485475328.4605024, 1485475647.1232438, 1485475965.391407, 1485476284.1536062, 1485476602.9457018, 1485476921.672469, 1485477240.7694066, 1485477559.6020749, 1485477877.9348016, 1485478195.6976655, 1485478514.549206, 1485478833.0727224, 1485479151.0702791, 1485479469.388771, 1485479789.4720142, 1485480108.0866153, 1485480426.874885, 1485480744.93259, 1485481063.2869895, 1485481381.8101897, 1485481701.3004162, 1485482019.2971551, 1485482337.296515, 1485482656.6505141, 1485482974.5124528, 1485483293.679679, 1485483612.5290725, 1485483931.5975654, 1485484250.2591708, 1485484569.102916, 1485484887.6979215, 1485485205.8145754, 1485485525.0593352, 1485485843.4177704, 1485486161.6609697, 1485486480.1824825, 1485486799.0507884, 1485487117.3999977, 1485487436.1183205, 1485487755.367482, 1485488073.615794, 1485488392.0484796, 1485488711.2097795, 1485489029.7521453, 1485489348.9775007, 1485489668.6923275, 1485489987.201855, 1485490305.7369876, 1485490624.363455, 1485490943.4136114, 1485491261.4139962, 1485491580.8614535, 1485491899.5005522, 1485492218.6194882, 1485492537.1848404, 1485492855.910702, 1485493174.3631935, 1485493493.3238256, 1485493812.2829812, 1485494130.960032, 1485494448.9087322, 1485494768.8651152, 1485495086.839856, 1485495405.6400757, 1485495723.6157725, 1485496041.906469, 1485496360.0190358, 1485496679.621419, 1485496998.1118345, 1485497316.4840612, 1485497635.031197, 1485497954.5689638, 1485498273.516467, 1485498592.3223782, 1485498910.6142566, 1485499228.4695573, 1485499547.0729575, 1485499864.8991928, 1485500183.6374974, 1485500502.1056285, 1485500820.5221744, 1485501139.7672958, 1485501459.5626452, 1485501778.4229789, 1485502096.7194057, 1485502415.9922628, 1485502734.0390704, 1485503053.4264984, 1485503371.303592, 1485503690.0258508, 1485504008.2044516, 1485504327.2605412, 1485504646.2238483, 1485504964.5056036, 1485505282.7447014, 1485505601.46213, 1485505919.9356155, 1485506238.3109791, 1485506556.657864, 1485506875.5214717, 1485507194.1428363, 1485507512.9277353, 1485507831.823388], "episode_lengths": [1750, 6009, 6018, 5989, 705, 711, 709, 707, 687, 712, 708, 699, 704, 697, 693, 717, 707, 696, 697, 703, 712, 707, 709, 707, 707, 698, 702, 711, 703, 704, 704, 710, 707, 698, 704, 690, 685, 698, 710, 700, 709, 696, 706, 707, 713, 704, 704, 707, 712, 709, 707, 699, 698, 711, 717, 702, 704, 706, 697, 704, 709, 710, 698, 702, 707, 714, 706, 719, 708, 706, 705, 711, 696, 706, 705, 707, 693, 702, 711, 708, 698, 711, 688, 689, 712, 710, 711, 696, 708, 703, 720, 713, 700, 701, 702, 704, 701, 725, 710, 714, 703, 705, 698, 708, 699, 716, 692, 708, 706, 713, 707, 716, 702, 706, 703, 691, 695, 704, 696, 703], "episode_rewards": [-15718.0, -30000.0, -30000.0, -30000.0, -9013.0, -9013.0, -9013.0, -9013.0, -9013.0, -9013.0, -9013.0, -9013.0, -9013.0, -9013.0, -9013.0, -9013.0, -9013.0, -9013.0, -9013.0, -9013.0, -9013.0, -9013.0, -9013.0, -9013.0, -9013.0, -9013.0, -9013.0, -9013.0, -9013.0, -9013.0, -9013.0, -9013.0, -9013.0, -9013.0, -9013.0, -9013.0, -9013.0, -9013.0, -9013.0, -9013.0, -9013.0, -9013.0, -9013.0, -9013.0, -9013.0, -9013.0, -9013.0, -9013.0, -9013.0, -9013.0, -9013.0, -9013.0, -9013.0, -9013.0, -9013.0, -9013.0, -9013.0, -9013.0, -9013.0, -9013.0, -9013.0, -9013.0, -9013.0, -9013.0, -9013.0, -9013.0, -9013.0, -9013.0, -9013.0, -9013.0, -9013.0, -9013.0, -9013.0, -9013.0, -9013.0, -9013.0, -9013.0, -9013.0, -9013.0, -9013.0, -9013.0, -9013.0, -9013.0, -9013.0, -9013.0, -9013.0, -9013.0, -9013.0, -9013.0, -9013.0, -9013.0, -9013.0, -9013.0, -9013.0, -9013.0, -9013.0, -9013.0, -9013.0, -9013.0, -9013.0, -9013.0, -9013.0, -9013.0, -9013.0, -9013.0, -9013.0, -9013.0, -9013.0, -9013.0, -9013.0, -9013.0, -9013.0, -9013.0, -9013.0, -9013.0, -9013.0, -9013.0, -9013.0, -9013.0, -9013.0], "episode_types": ["t", "t", "t", "t", "t", "t", "t", "t", "t", "t", "t", "t", "t", "t", "t", "t", "t", "t", "t", "t", "t", "t", "t", "t", "t", "t", "t", "t", "t", "t", "t", "t", "t", "t", "t", "t", "t", "t", "t", "t", "t", "t", "t", "t", "t", "t", "t", "t", "t", "t", "t", "t", "t", "t", "t", "t", "t", "t", "t", "t", "t", "t", "t", "t", "t", "t", "t", "t", "t", "t", "t", "t", "t", "t", "t", "t", "t", "t", "t", "t", "t", "t", "t", "t", "t", "t", "t", "t", "t", "t", "t", "t", "t", "t", "t", "t", "t", "t", "t", "t", "t", "t", "t", "t", "t", "t", "t", "t", "t", "t", "t", "t", "t", "t", "t", "t", "t", "t", "t", "t"]}